Feature,Importance
Price,0.6836348966442464
Quantity,0.30876903872642175
StockCode_enc,0.003883805831600066
Month,0.0016950511700110748
DayOfWeek,0.0011989646385797993
Hour,0.0007549674559866283
Country_enc,5.30009658106104e-05
Year,1.0274567343626902e-05
